LISTADO ACIDENTES DONDE INTERVIENEN BICICLETAS MENSUAL;;;;ENERO  - MAYO 2017;;;

Fecha;TRAMO HORARIO;Nm Tot Victimas;DISTRITO;Lugar;Numero;Tipo Accidente;Tipo Vehiculo
01/01/2017 0:00;DE 6:00 A 6:59;1;ARGANZUELA                    ;CALLE DE TOLEDO                                                                                   ;120;CHOQUE CON OBJETO FIJO                  ;BICICLETA  
02/01/2017 0:00;DE 21:00 A 21:59;1;SAN BLAS                      ;CALLE DE MEQUINENZA                                                                               ;14;CAÍDA BICICLETA                         ;BICICLETA  
03/01/2017 0:00;DE 19:00 A 19:59;1;CENTRO                        ;CALLE DE LA ESCALINATA                                                                            ;8;CAÍDA BICICLETA                         ;BICICLETA  
04/01/2017 0:00;DE 21:00 A 21:59;1;CENTRO                        ;CALLE DE LA CAVA DE SAN MIGUEL                                                                    ;13;CAÍDA BICICLETA                         ;BICICLETA  
05/01/2017 0:00;DE 8:00 A 8:59;1;MONCLOA-ARAVACA               ;PUENTE DE LOS FRANCESES                                                                             ;;CAÍDA BICICLETA                         ;BICICLETA  
05/01/2017 0:00;DE 12:00 A 12:59;1;LATINA                        ;CARRETERA DE BOADILLA DEL MONTE                                                                   ;27;CAÍDA BICICLETA                         ;BICICLETA  
05/01/2017 0:00;DE 14:00 A 14:59;2;TETUAN                        ;CALLE DE LA INFANTA MERCEDES                                                                      ;27;ATROPELLO                               ;BICICLETA  
05/01/2017 0:00;DE 17:00 A 17:59;1;FUENCARRAL-EL PARDO           ;CALLE DE ANTONIO DE CABEZON                                                                       ;91;CAÍDA BICICLETA                         ;BICICLETA  
06/01/2017 0:00;DE 11:00 A 11:59;1;CENTRO                        ;CUESTA DE LA VEGA - PASEO DE LA CIUDAD DE PLASENCIA                                                 ;;COLISIÓN DOBLE                          ;BICICLETA  
06/01/2017 0:00;DE 17:00 A 17:59;1;SAN BLAS                      ;CALLE DE AREVALO LARA - CALLE DE TAMPICO                                                            ;;COLISIÓN DOBLE                          ;BICICLETA  
07/01/2017 0:00;DE 00:00 A 00:59;1;CENTRO                        ;CALLE DE SAN FELIPE NERI - PLAZA DE LOS HERRADORES                                                  ;;CAÍDA BICICLETA                         ;BICICLETA  
07/01/2017 0:00;DE 11:00 A 11:59;1;BARAJAS                       ;CALLE DE LA RIBERA DEL SENA - GLORIETA DE LUXEMBURGO                                                ;          ;COLISIÓN DOBLE                          ;BICICLETA  
07/01/2017 0:00;DE 14:00 A 14:59;1;FUENCARRAL-EL PARDO           ;CALLE DE FREUD - CALLE DE MARX                                                                      ;;CAÍDA BICICLETA                         ;BICICLETA  
08/01/2017 0:00;DE 13:00 A 13:59;1;ARGANZUELA                    ;RONDA DE TOLEDO                                                                                   ;14;CAÍDA BICICLETA                         ;BICICLETA  
08/01/2017 0:00;DE 20:00 A 20:59;1;CENTRO                        ;CALLE DE SEGOVIA                                                                                  ;16;CAÍDA BICICLETA                         ;BICICLETA  
09/01/2017 0:00;DE 14:00 A 14:59;1;TETUAN                        ;CALLE DE BRAVO MURILLO                                                                            ;101;CAÍDA BICICLETA                         ;BICICLETA  
09/01/2017 0:00;DE 19:00 A 19:59;1;MONCLOA-ARAVACA               ;CALLE DE LA GOLONDRINA - CALLE DE VALTRAVIESO                                                       ;;COLISIÓN DOBLE                          ;BICICLETA  
09/01/2017 0:00;DE 23:00 A 23:59;1;TETUAN                        ;CALLE DE LA INFANTA MERCEDES - CALLE DE SOR ANGELA DE LA CRUZ                                       ;;COLISIÓN DOBLE                          ;BICICLETA  
10/01/2017 0:00;DE 14:00 A 14:59;1;SAN BLAS                      ;CALLE DE LA REPUBLICA CHECA                                                                       ;1;CAÍDA BICICLETA                         ;BICICLETA  
10/01/2017 0:00;DE 18:00 A 18:59;1;RETIRO                        ;CALLE DE MONTALBAN                                                                                ;1;CAÍDA BICICLETA                         ;BICICLETA  
10/01/2017 0:00;DE 19:00 A 19:59;1;TETUAN                        ;CALLE DE BRAVO MURILLO                                                                            ;243;CAÍDA BICICLETA                         ;BICICLETA  
12/01/2017 0:00;DE 17:00 A 17:59;2;CENTRO                        ;CALLE  GRAN VIA                                                                                   ;22;COLISIÓN DOBLE                          ;BICICLETA  
12/01/2017 0:00;DE 18:00 A 18:59;1;RETIRO                        ;CALLE DE ALCALA                                                                                   ;52;COLISIÓN DOBLE                          ;BICICLETA  
12/01/2017 0:00;DE 20:00 A 20:59;1;FUENCARRAL-EL PARDO           ;CALLE DE GRAÑON - CALLE DE SAN JUAN DE ORTEGA                                                       ;;CAÍDA MOTOCICLETA                       ;BICICLETA  
13/01/2017 0:00;DE 9:00 A 9:59;1;VICALVARO                     ;AVENIDA DE LA DEMOCRACIA - BULEVAR DE JOSE PRAT                                                     ;;COLISIÓN DOBLE                          ;BICICLETA  
13/01/2017 0:00;DE 17:00 A 17:59;1;RETIRO                        ;CALLE DE ESPALTER                                                                                 ;3;CAÍDA BICICLETA                         ;BICICLETA  
15/01/2017 0:00;DE 11:00 A 11:59;1;ARGANZUELA                    ;PASEO DE LAS DELICIAS                                                                             ;89;ATROPELLO                               ;BICICLETA  
19/01/2017 0:00;DE 20:00 A 20:59;1;HORTALEZA                     ;AVENIDA DE MANUEL AZAÑA - CARRETERA A LA ESTACION DE HORTALEZA                                      ;;COLISIÓN DOBLE                          ;BICICLETA  
19/01/2017 0:00;DE 20:00 A 20:59;1;CIUDAD LINEAL                 ;CALLE DE JOSE SILVA - CALLE DE TORRELAGUNA                                                          ;;CAÍDA BICICLETA                         ;BICICLETA  
20/01/2017 0:00;DE 14:00 A 14:59;1;CHAMARTIN                     ;CALLE DE JOAQUIN COSTA                                                                            ;9;CAÍDA BICICLETA                         ;BICICLETA  
20/01/2017 0:00;DE 20:00 A 20:59;1;CHAMARTIN                     ;PASEO DE LA CASTELLANA                                                                            ;244;COLISIÓN DOBLE                          ;BICICLETA  
21/01/2017 0:00;DE 10:00 A 10:59;2;CARABANCHEL                   ;CARRIL  ANILLO VERDE CICLISTA KM.                                                                   ;32000;ATROPELLO                               ;BICICLETA  
21/01/2017 0:00;DE 20:00 A 20:59;1;SALAMANCA                     ;CALLE DE GOYA                                                                                     ;71;CAÍDA BICICLETA                         ;BICICLETA  
22/01/2017 0:00;DE 22:00 A 22:59;1;CHAMARTIN                     ;CALLE DE GUTIERREZ SOLANA - PASEO DE LA HABANA                                                      ;;CAÍDA BICICLETA                         ;BICICLETA  
24/01/2017 0:00;DE 10:00 A 10:59;1;RETIRO                        ;CALLE DE O'DONNELL                                                                                ;44;COLISIÓN DOBLE                          ;BICICLETA  
24/01/2017 0:00;DE 17:00 A 17:59;1;MONCLOA-ARAVACA               ;CARRETERA DE RODAJOS                                                                                ;;CAÍDA BICICLETA                         ;BICICLETA  
25/01/2017 0:00;DE 16:00 A 16:59;1;RETIRO                        ;AVENIDA DEL MEDITERRANEO                                                                          ;16;CAÍDA BICICLETA                         ;BICICLETA  
25/01/2017 0:00;DE 20:00 A 20:59;1;CENTRO                        ;PLAZA DEL EMPERADOR CARLOS V                                                                      ;8;CHOQUE CON OBJETO FIJO                  ;BICICLETA  
26/01/2017 0:00;DE 8:00 A 8:59;1;HORTALEZA                     ;AVENIDA DE MACHUPICHU - CALLE DE JOSE MIGUEL GURIDI                                                 ;;COLISIÓN DOBLE                          ;BICICLETA  
26/01/2017 0:00;DE 19:00 A 19:59;1;FUENCARRAL-EL PARDO           ;AVENIDA DEL MONASTERIO DE SILOS - CALLE DEL MONASTERIO DE EL PAULAR                                 ;;COLISIÓN DOBLE                          ;BICICLETA  
27/01/2017 0:00;DE 8:00 A 8:59;1;RETIRO                        ;CALLE DEL DOCTOR ESQUERDO                                                                         ;114;COLISIÓN DOBLE                          ;BICICLETA  
29/01/2017 0:00;DE 12:00 A 12:59;1;RETIRO                        ;PASEO DE VENEZUELA - PASEO DEL FERNAN NUÑEZ                                                         ;;CAÍDA BICICLETA                         ;BICICLETA  
31/01/2017 0:00;DE 19:00 A 19:59;1;FUENCARRAL-EL PARDO           ;CALLE DEL MONASTERIO DE ARLANZA                                                                   ;27;COLISIÓN DOBLE                          ;BICICLETA  
31/01/2017 0:00;DE 21:00 A 21:59;1;CENTRO                        ;CALLE DE CEDACEROS                                                                                ;4;CAÍDA BICICLETA                         ;BICICLETA  
01/02/2017 0:00;DE 14:00 A 14:59;1;CENTRO                        ;PASEO DEL PRADO                                                                                   ;6;CAÍDA BICICLETA                         ;BICICLETA  
02/02/2017 0:00;DE 15:00 A 15:59;1;ARGANZUELA                    ;AVENIDA DEL PLANETARIO - CALLE DE EROS                                                              ;;CAÍDA BICICLETA                         ;BICICLETA  
02/02/2017 0:00;DE 15:00 A 15:59;1;CENTRO                        ;CALLE  MAYOR                                                                                      ;70;CAÍDA BICICLETA                         ;BICICLETA  
02/02/2017 0:00;DE 22:00 A 22:59;1;HORTALEZA                     ;AVENIDA DE LOS ANDES - GLORIETA DE YUCATAN                                                          ;;COLISIÓN DOBLE                          ;BICICLETA  
03/02/2017 0:00;DE 00:00 A 00:59;1;CHAMBERI                      ;CALLE DE BRAVO MURILLO - CALLE DE JOSE ABASCAL                                                      ;;COLISIÓN DOBLE                          ;BICICLETA  
03/02/2017 0:00;DE 15:00 A 15:59;1;CIUDAD LINEAL                 ;AUTOVIA  M-30 CALZADA 2 - AVENIDA DE AMERICA                                                        ;;COLISIÓN DOBLE                          ;BICICLETA  
03/02/2017 0:00;DE 22:00 A 22:59;1;CENTRO                        ;CALLE DE SAN BERNARDO                                                                             ;5;CAÍDA BICICLETA                         ;BICICLETA  
04/02/2017 0:00;DE 13:00 A 13:59;1;SAN BLAS                      ;AVENIDA DE ARCENTALES                                                                             ;7;CAÍDA BICICLETA                         ;BICICLETA  
04/02/2017 0:00;DE 20:00 A 20:59;1;ARGANZUELA                    ;CALLE DE BUSTAMANTE - PASEO DE LAS DELICIAS                                                         ;;COLISIÓN DOBLE                          ;BICICLETA  
05/02/2017 0:00;DE 11:00 A 11:59;0;SALAMANCA                     ;CALLE DE GOYA                                                                                     ;97;COLISIÓN DOBLE                          ;BICICLETA  
05/02/2017 0:00;DE 12:00 A 12:59;1;MONCLOA-ARAVACA               ;CALLE DEL ALMIRANTE FRANCISCO MORENO                                                              ;13;CAÍDA BICICLETA                         ;BICICLETA  
06/02/2017 0:00;DE 19:00 A 19:59;1;ARGANZUELA                    ;GLORIETA DE EMBAJADORES                                                                           ;5;COLISIÓN DOBLE                          ;BICICLETA  
07/02/2017 0:00;DE 9:00 A 9:59;1;CENTRO                        ;CALLE DE TORIJA - PLAZA DE LA MARINA ESPAÑOLA                                                       ;;CAÍDA BICICLETA                         ;BICICLETA  
07/02/2017 0:00;DE 13:00 A 13:59;1;CHAMBERI                      ;CALLE DE ZURBARAN - PASEO DE LA CASTELLANA                                                          ;;CHOQUE CON OBJETO FIJO                  ;BICICLETA  
07/02/2017 0:00;DE 22:00 A 22:59;1;RETIRO                        ;AVENIDA DE MENENDEZ PELAYO                                                                        ;32;CHOQUE CON OBJETO FIJO                  ;BICICLETA  
08/02/2017 0:00;DE 17:00 A 17:59;1;PUENTE DE VALLECAS            ;CALLE DE LOS BARROS - RONDA  SUR                                                                    ;;COLISIÓN DOBLE                          ;BICICLETA  
09/02/2017 0:00;DE 16:00 A 16:59;1;CENTRO                        ;PLAZA DE SANTA CATALINA DE LOS DONADOS                                                            ;3;CAÍDA BICICLETA                         ;BICICLETA  
09/02/2017 0:00;DE 21:00 A 21:59;0;USERA                         ;AVENIDA DE LA PRINCESA JUANA DE AUSTRIA - AVENIDA DE LOS POBLADOS                                   ;;COLISIÓN DOBLE                          ;BICICLETA  
10/02/2017 0:00;DE 9:00 A 9:59;1;CENTRO                        ;CALLE DE PRECIADOS                                                                                ;28;CAÍDA BICICLETA                         ;BICICLETA  
10/02/2017 0:00;DE 13:00 A 13:59;1;SALAMANCA                     ;CALLE DE ALCALA                                                                                   ;149;COLISIÓN DOBLE                          ;BICICLETA  
10/02/2017 0:00;DE 14:00 A 14:59;1;FUENCARRAL-EL PARDO           ;CALLE DEL ARROYO DEL MONTE - PLAZA DE LA PRADERA DEL SACERAL                                        ;;COLISIÓN DOBLE                          ;BICICLETA  
12/02/2017 0:00;DE 00:00 A 00:59;1;CENTRO                        ;PLAZA DEL EMPERADOR CARLOS V - RONDA DE ATOCHA                                                      ;;COLISIÓN DOBLE                          ;BICICLETA  
13/02/2017 0:00;DE 19:00 A 19:59;1;TETUAN                        ;CALLE DE LOS ALGODONALES                                                                          ;10;CAÍDA BICICLETA                         ;BICICLETA  
14/02/2017 0:00;DE 8:00 A 8:59;1;CENTRO                        ;CALLE DE ALCALA                                                                                   ;51;COLISIÓN DOBLE                          ;BICICLETA  
14/02/2017 0:00;DE 9:00 A 9:59;1;SALAMANCA                     ;CALLE DEL ALCALDE SAINZ DE BARANDA                                                                ;92;COLISIÓN DOBLE                          ;BICICLETA  
14/02/2017 0:00;DE 16:00 A 16:59;1;MONCLOA-ARAVACA               ;PASEO DE LA PUERTA DEL ANGEL                                                                      ;3;CAÍDA BICICLETA                         ;BICICLETA  
14/02/2017 0:00;DE 21:00 A 21:59;1;SAN BLAS                      ;ACCESO A LA AUTOVIA M-40 - AVENIDA DE CANILLEJAS A VICALVARO                                        ;;COLISIÓN DOBLE                          ;BICICLETA  
15/02/2017 0:00;DE 8:00 A 8:59;1;CHAMARTIN                     ;CALLE DE SERRANO                                                                                  ;103;CAÍDA BICICLETA                         ;BICICLETA  
15/02/2017 0:00;DE 9:00 A 9:59;1;CIUDAD LINEAL                 ;CALLE DE MALMOE - PLAZA DE ALSACIA                                                                  ;;COLISIÓN DOBLE                          ;BICICLETA  
16/02/2017 0:00;DE 7:00 A 7:59;1;FUENCARRAL-EL PARDO           ;CALLE DE NUESTRA SEÑORA DE VALVERDE                                                               ;45;COLISIÓN DOBLE                          ;BICICLETA  
16/02/2017 0:00;DE 8:00 A 8:59;1;MONCLOA-ARAVACA               ;CALLE DEL MIRADOR DE LA SIERRA                                                                    ;12;COLISIÓN DOBLE                          ;BICICLETA  
17/02/2017 0:00;DE 13:00 A 13:59;1;SAN BLAS                      ;AUTOVIA  M-40 - AVENIDA DE CANILLEJAS A VICALVARO                                                   ;;COLISIÓN DOBLE                          ;BICICLETA  
18/02/2017 0:00;DE 13:00 A 13:59;1;HORTALEZA                     ;AVENIDA DE NICETO ALCALA ZAMORA - CALLE DE ARIADNA                                                  ;;COLISIÓN DOBLE                          ;BICICLETA  
18/02/2017 0:00;DE 16:00 A 16:59;1;CARABANCHEL                   ;AVENIDA DE LOS POBLADOS - CALLE DE LAS CERILLERAS                                                   ;;CAÍDA BICICLETA                         ;BICICLETA  
19/02/2017 0:00;DE 13:00 A 13:59;1;FUENCARRAL-EL PARDO           ;CARRETERA DE PARDO A FUENCARRAL KM.                                                                 ;7;CAÍDA BICICLETA                         ;BICICLETA  
19/02/2017 0:00;DE 13:00 A 13:59;1;CHAMBERI                      ;CALLE DE SANTA FELICIANA                                                                          ;6;ATROPELLO                               ;BICICLETA  
19/02/2017 0:00;DE 20:00 A 20:59;1;TETUAN                        ;AVENIDA DE ASTURIAS - CALLE DE SINESIO DELGADO                                                      ;;COLISIÓN DOBLE                          ;BICICLETA  
20/02/2017 0:00;DE 23:00 A 23:59;1;CARABANCHEL                   ;CALLE DE ZAIDA - CALLE DEL ARROYO VALDECELADA                                                       ;;COLISIÓN DOBLE                          ;BICICLETA  
22/02/2017 0:00;DE 19:00 A 19:59;1;MONCLOA-ARAVACA               ;PASEO DE CAMOENS Y VALERO                                                                           ;;COLISIÓN DOBLE                          ;BICICLETA  
24/02/2017 0:00;DE 19:00 A 19:59;1;CHAMBERI                      ;CALLE DE GUZMAN EL BUENO - CALLE DEL GENERAL ASENSIO CABANILLAS                                     ;;COLISIÓN DOBLE                          ;BICICLETA  
25/02/2017 0:00;DE 10:00 A 10:59;1;VILLA DE VALLECAS             ;AVENIDA DE LA GAVIA - AVENIDA DEL CERRO MILANO                                                      ;;COLISIÓN DOBLE                          ;BICICLETA  
25/02/2017 0:00;DE 14:00 A 14:59;1;VILLAVERDE                    ;PASEO DE ALBERTO PALACIOS                                                                         ;34;ATROPELLO                               ;BICICLETA  
25/02/2017 0:00;DE 16:00 A 16:59;1;RETIRO                        ;PARQUE DEL RETIRO                                                                                   ;;CAÍDA BICICLETA                         ;BICICLETA  
25/02/2017 0:00;DE 23:00 A 23:59;1;CENTRO                        ;PLAZA DE LA PUERTA DEL SOL                                                                        ;1;CHOQUE CON OBJETO FIJO                  ;BICICLETA  
27/02/2017 0:00;DE 10:00 A 10:59;1;CHAMBERI                      ;CALLE DE ZURBANO - PASEO DE EDUARDO DATO                                                            ;;COLISIÓN DOBLE                          ;BICICLETA  
28/02/2017 0:00;DE 17:00 A 17:59;1;SALAMANCA                     ;CALLE DE GOYA - CALLE DE SERRANO                                                                    ;;CAÍDA BICICLETA                         ;BICICLETA  
28/02/2017 0:00;DE 19:00 A 19:59;1;RETIRO                        ;AVENIDA DE MENENDEZ PELAYO                                                                        ;38;CAÍDA BICICLETA                         ;BICICLETA  
28/02/2017 0:00;DE 19:00 A 19:59;1;CARABANCHEL                   ;CALLE DE CARCASTILLO                                                                              ;25;COLISIÓN DOBLE                          ;BICICLETA  
28/02/2017 0:00;DE 19:00 A 19:59;1;SAN BLAS                      ;AVENIDA DE ARCENTALES - CALLE DE MIGUEL YUSTE                                                       ;;COLISIÓN DOBLE                          ;BICICLETA  
28/02/2017 0:00;DE 19:00 A 19:59;1;CHAMARTIN                     ;CALLE DE LOS CONDES DEL VAL                                                                       ;11;CAÍDA BICICLETA                         ;BICICLETA  
28/02/2017 0:00;DE 20:00 A 20:59;1;RETIRO                        ;CALLE DE LOPE DE RUEDA - CALLE DE O'DONNELL                                                         ;;CAÍDA BICICLETA                         ;BICICLETA  
01/03/2017 0:00;DE 9:00 A 9:59;1;HORTALEZA                     ;CARRETERA DE CANILLAS                                                                             ;10;CAÍDA BICICLETA                         ;BICICLETA  
02/03/2017 0:00;DE 8:00 A 8:59;1;CENTRO                        ;CALLE DE SAN BERNARDO                                                                             ;59;CAÍDA BICICLETA                         ;BICICLETA  
03/03/2017 0:00;DE 14:00 A 14:59;1;CHAMBERI                      ;CALLE DE RAIMUNDO FERNANDEZ VILLAVERDE                                                            ;30;CAÍDA BICICLETA                         ;BICICLETA  
03/03/2017 0:00;DE 19:00 A 19:59;1;PUENTE DE VALLECAS            ;AVENIDA DE LAS GLORIETAS                                                                          ;14;CAÍDA BICICLETA                         ;BICICLETA  
05/03/2017 0:00;DE 15:00 A 15:59;1;CHAMBERI                      ;CALLE DE GENOVA - PLAZA DE ALONSO MARTINEZ                                                          ;;CAÍDA BICICLETA                         ;BICICLETA  
06/03/2017 0:00;DE 12:00 A 12:59;1;CARABANCHEL                   ;CALLE DE LA OCA - CALLE DE RAMON SAINZ                                                              ;;COLISIÓN DOBLE                          ;BICICLETA  
07/03/2017 0:00;DE 11:00 A 11:59;1;VILLAVERDE                    ;CALLE DE SAN NORBERTO                                                                             ;8;COLISIÓN DOBLE                          ;BICICLETA  
07/03/2017 0:00;DE 18:00 A 18:59;1;FUENCARRAL-EL PARDO           ;CARRETERA DE EL PARDO                                                                             ;7;CAÍDA BICICLETA                         ;BICICLETA  
07/03/2017 0:00;DE 22:00 A 22:59;1;CENTRO                        ;PLAZA DE SANTA BARBARA                                                                            ;6;CAÍDA BICICLETA                         ;BICICLETA  
07/03/2017 0:00;DE 23:00 A 23:59;1;PUENTE DE VALLECAS            ;PLAZA DE LA ASAMBLEA DE MADRID                                                                      ;;COLISIÓN DOBLE                          ;BICICLETA  
08/03/2017 0:00;DE 7:00 A 7:59;1;RETIRO                        ;CALLE DE ALFONSO XII                                                                              ;52;COLISIÓN DOBLE                          ;BICICLETA  
08/03/2017 0:00;DE 13:00 A 13:59;1;CHAMBERI                      ;CALLE DE FERNANDO EL CATOLICO                                                                     ;25;COLISIÓN DOBLE                          ;BICICLETA  
08/03/2017 0:00;DE 23:00 A 23:59;1;CHAMBERI                      ;CALLE DE MARIA PANES - CALLE DE MODESTO LAFUENTE                                                    ;;CAÍDA BICICLETA                         ;BICICLETA  
09/03/2017 0:00;DE 15:00 A 15:59;1;ARGANZUELA                    ;CALLE DE MURCIA - CALLE DE RAFAEL DE RIEGO                                                          ;;CAÍDA BICICLETA                         ;BICICLETA  
09/03/2017 0:00;DE 16:00 A 16:59;1;MONCLOA-ARAVACA               ;CALLE DE EMERENCIANA ZURILLA - CALLE DE SAN RESTITUTO                                               ;;COLISIÓN DOBLE                          ;BICICLETA  
09/03/2017 0:00;DE 19:00 A 19:59;1;CIUDAD LINEAL                 ;CALLE DE ARTURO SORIA - CUESTA DEL SAGRADO CORAZON                                                  ;          ;COLISIÓN DOBLE                          ;BICICLETA  
09/03/2017 0:00;DE 20:00 A 20:59;1;VICALVARO                     ;AVENIDA DE LAS COMUNIDADES - BULEVAR DE JOSE PRAT                                                   ;;COLISIÓN DOBLE                          ;BICICLETA  
10/03/2017 0:00;DE 9:00 A 9:59;2;CARABANCHEL                   ;CALLE DEL GENERAL RICARDOS                                                                        ;177;COLISIÓN DOBLE                          ;BICICLETA  
10/03/2017 0:00;DE 9:00 A 9:59;1;VILLA DE VALLECAS             ;CARRETERA DE VILLAVERDE A VALLECAS KM.                                                              ;1300;COLISIÓN DOBLE                          ;BICICLETA  
10/03/2017 0:00;DE 14:00 A 14:59;2;ARGANZUELA                    ;CALLE DE SAN ALEJANDRO                                                                            ;6;COLISIÓN DOBLE                          ;BICICLETA  
10/03/2017 0:00;DE 17:00 A 17:59;1;MONCLOA-ARAVACA               ;GLORIETA DE LOS PATINES - PASEO DE LA PUERTA DEL ANGEL                                              ;;CAÍDA BICICLETA                         ;BICICLETA  
10/03/2017 0:00;DE 18:00 A 18:59;1;BARAJAS                       ;CALLE DE BUGEDO - CALLE DE TRESPADERNE                                                              ;;CAÍDA BICICLETA                         ;BICICLETA  
10/03/2017 0:00;DE 18:00 A 18:59;1;MONCLOA-ARAVACA               ;CARRIL  ANILLO VERDE CICLISTA KM.                                                                   ;43300;COLISIÓN DOBLE                          ;BICICLETA  
12/03/2017 0:00;DE 15:00 A 15:59;1;TETUAN                        ;AVENIDA DEL PRESIDENTE CARMONA - CALLE DE LOS MARTIRES DE LA VENTILLA                               ;;COLISIÓN DOBLE                          ;BICICLETA  
13/03/2017 0:00;DE 8:00 A 8:59;1;CENTRO                        ;CALLE DE SAN BERNARDO - CALLE DE SAN VICENTE FERRER                                                 ;;COLISIÓN DOBLE                          ;BICICLETA  
14/03/2017 0:00;DE 9:00 A 9:59;1;FUENCARRAL-EL PARDO           ;CALLE DE LA COSTA BRAVA                                                                           ;17;COLISIÓN DOBLE                          ;BICICLETA  
14/03/2017 0:00;DE 21:00 A 21:59;1;ARGANZUELA                    ;CALLE DE EMBAJADORES                                                                              ;76;CAÍDA BICICLETA                         ;BICICLETA  
15/03/2017 0:00;DE 17:00 A 17:59;1;TETUAN                        ;CALLE DE BRAVO MURILLO                                                                            ;288;COLISIÓN DOBLE                          ;BICICLETA  
15/03/2017 0:00;DE 19:00 A 19:59;2;CENTRO                        ;PLAZA DE GABRIEL MIRO                                                                             ;3;ATROPELLO                               ;BICICLETA  
16/03/2017 0:00;DE 14:00 A 14:59;1;CENTRO                        ;CALLE DEL CABALLERO DE GRACIA                                                                     ;36;CAÍDA BICICLETA                         ;BICICLETA  
16/03/2017 0:00;DE 20:00 A 20:59;1;SALAMANCA                     ;CALLE DE FRANCISCO SILVELA                                                                        ;50;COLISIÓN DOBLE                          ;BICICLETA  
17/03/2017 0:00;DE 13:00 A 13:59;1;CENTRO                        ;CALLE DE SAN BERNARDO - CALLE DEL PEZ                                                               ;;COLISIÓN DOBLE                          ;BICICLETA  
17/03/2017 0:00;DE 15:00 A 15:59;1;ARGANZUELA                    ;PASEO DE SANTA MARIA DE LA CABEZA                                                                 ;10;CAÍDA BICICLETA                         ;BICICLETA  
17/03/2017 0:00;DE 22:00 A 22:59;2;CHAMBERI                      ;CALLE DE LUCHANA - GLORIETA DE BILBAO                                                               ;;COLISIÓN DOBLE                          ;BICICLETA  
18/03/2017 0:00;DE 14:00 A 14:59;1;ARGANZUELA                    ;CALLE DE SEGOVIA                                                                                  ;57;CAÍDA BICICLETA                         ;BICICLETA  
19/03/2017 0:00;DE 10:00 A 10:59;1;CENTRO                        ;CALLE DE LA MONTERA - CALLE DE LOS JARDINES                                                         ;;CAÍDA BICICLETA                         ;BICICLETA  
19/03/2017 0:00;DE 18:00 A 18:59;1;RETIRO                        ;PASEO DEL FERNAN NUÑEZ                                                                              ;;ATROPELLO                               ;BICICLETA  
20/03/2017 0:00;DE 15:00 A 15:59;1;RETIRO                        ;AVENIDA DE LA CIUDAD DE BARCELONA - CALLE DEL ALBERCHE                                              ;;ATROPELLO                               ;BICICLETA  
20/03/2017 0:00;DE 18:00 A 18:59;1;HORTALEZA                     ;AVENIDA DE LOS ANDES                                                                              ;46;COLISIÓN DOBLE                          ;BICICLETA  
20/03/2017 0:00;DE 21:00 A 21:59;1;CHAMBERI                      ;CALLE DE BRAVO MURILLO                                                                            ;80;ATROPELLO                               ;BICICLETA  
21/03/2017 0:00;DE 16:00 A 16:59;1;VILLAVERDE                    ;PASEO DE LOS FERROVIARIOS                                                                         ;11;COLISIÓN DOBLE                          ;BICICLETA  
21/03/2017 0:00;DE 16:00 A 16:59;1;PUENTE DE VALLECAS            ;BARRIO DE LA CELSA - CARRETERA DE VILLAVERDE A VALLECAS                                             ;;CAÍDA BICICLETA                         ;BICICLETA  
21/03/2017 0:00;DE 16:00 A 16:59;1;SALAMANCA                     ;CALLE DE AYALA                                                                                    ;15;COLISIÓN DOBLE                          ;BICICLETA  
21/03/2017 0:00;DE 16:00 A 16:59;1;USERA                         ;CALLE DE DOLORES BARRANCO - CALLE DE LOS FERROVIARIOS                                               ;;COLISIÓN DOBLE                          ;BICICLETA  
22/03/2017 0:00;DE 12:00 A 12:59;1;ARGANZUELA                    ;CALLE DE BOLIVAR - CALLE DEL BRONCE                                                                 ;;COLISIÓN DOBLE                          ;BICICLETA  
23/03/2017 0:00;DE 9:00 A 9:59;1;PUENTE DE VALLECAS            ;CALLE DE MOHERNANDO - CALLE DE PIO FELIPE                                                           ;;COLISIÓN DOBLE                          ;BICICLETA  
23/03/2017 0:00;DE 21:00 A 21:59;1;ARGANZUELA                    ;PASEO DE SANTA MARIA DE LA CABEZA                                                                 ;23;CAÍDA BICICLETA                         ;BICICLETA  
24/03/2017 0:00;DE 21:00 A 21:59;1;CIUDAD LINEAL                 ;CALLE DE ALCALA                                                                                   ;413;COLISIÓN DOBLE                          ;BICICLETA  
25/03/2017 0:00;DE 8:00 A 8:59;1;ARGANZUELA                    ;PASEO DE YESERIAS                                                                                 ;29;CAÍDA BICICLETA                         ;BICICLETA  
26/03/2017 0:00;DE 16:00 A 16:59;1;TETUAN                        ;CALLE DE BRAVO MURILLO                                                                            ;299;ATROPELLO                               ;BICICLETA  
27/03/2017 0:00;DE 19:00 A 19:59;1;RETIRO                        ;PARQUE DEL RETIRO - PASEO DEL FERNAN NUÑEZ                                                          ;;ATROPELLO                               ;BICICLETA  
28/03/2017 0:00;DE 14:00 A 14:59;1;CARABANCHEL                   ;AVENIDA DE LA PESETA - CALLE DEL LUIS DE ORO                                                        ;;COLISIÓN DOBLE                          ;BICICLETA  
29/03/2017 0:00;DE 16:00 A 16:59;1;HORTALEZA                     ;CALLE DE BELISANA                                                                                 ;17;COLISIÓN DOBLE                          ;BICICLETA  
30/03/2017 0:00;DE 11:00 A 11:59;1;HORTALEZA                     ;CALLE DE LUIS MARTINEZ FEDUCHI                                                                    ;1;COLISIÓN DOBLE                          ;BICICLETA  
31/03/2017 0:00;DE 7:00 A 7:59;1;CHAMBERI                      ;CALLE DE ZURBANO - PASEO DE EDUARDO DATO                                                            ;;ATROPELLO                               ;BICICLETA  
31/03/2017 0:00;DE 17:00 A 17:59;2;ARGANZUELA                    ;CALLE DE RAFAEL DE RIEGO                                                                          ;46;COLISIÓN DOBLE                          ;BICICLETA  
01/04/2017 0:00;DE 13:00 A 13:59;1;SALAMANCA                     ;CALLE DE ALCALA                                                                                   ;160;CAÍDA BICICLETA                         ;BICICLETA  
02/04/2017 0:00;DE 16:00 A 16:59;2;VILLA DE VALLECAS             ;CALLE DE AMALIA MARCOS - CALLE DEL PUERTO DE PORZUNA                                                ;;COLISIÓN DOBLE                          ;BICICLETA  
02/04/2017 0:00;DE 17:00 A 17:59;1;CENTRO                        ;CALLE DE SEGOVIA                                                                                  ;1;CAÍDA BICICLETA                         ;BICICLETA  
02/04/2017 0:00;DE 20:00 A 20:59;1;CIUDAD LINEAL                 ;CALLE DE LEDESMA - CALLE DE SERVANDO BATANERO                                                       ;;COLISIÓN DOBLE                          ;BICICLETA  
03/04/2017 0:00;DE 11:00 A 11:59;1;MONCLOA-ARAVACA               ;CALLE DE LA SENDA DEL REY                                                                           ;;CAÍDA BICICLETA                         ;BICICLETA  
03/04/2017 0:00;DE 12:00 A 12:59;1;SALAMANCA                     ;CALLE DE CLAUDIO COELLO - CALLE DE JUAN BRAVO                                                       ;;COLISIÓN DOBLE                          ;BICICLETA  
04/04/2017 0:00;DE 11:00 A 11:59;1;ARGANZUELA                    ;CALLE DEL PUENTE DE SEGOVIA - PASEO DE LA VIRGEN DEL PUERTO                                         ;;CAÍDA BICICLETA                         ;BICICLETA  
05/04/2017 0:00;DE 7:00 A 7:59;1;RETIRO                        ;AVENIDA DEL MEDITERRANEO                                                                          ;28;COLISIÓN DOBLE                          ;BICICLETA  
05/04/2017 0:00;DE 20:00 A 20:59;1;CENTRO                        ;CALLE  GRAN VIA - CALLE DE SAN BERNARDO                                                             ;;COLISIÓN DOBLE                          ;BICICLETA  
06/04/2017 0:00;DE 16:00 A 16:59;1;CARABANCHEL                   ;CALLE DEL GENERAL RICARDOS                                                                        ;37;COLISIÓN DOBLE                          ;BICICLETA  
06/04/2017 0:00;DE 20:00 A 20:59;1;CENTRO                        ;CALLE DE CARRETAS                                                                                 ;7;CAÍDA BICICLETA                         ;BICICLETA  
07/04/2017 0:00;DE 1:00 A 1:59;1;ARGANZUELA                    ;PLAZA DEL EMPERADOR CARLOS V - RONDA DE ATOCHA                                                      ;;CAÍDA BICICLETA                         ;BICICLETA  
07/04/2017 0:00;DE 11:00 A 11:59;1;MONCLOA-ARAVACA               ;CARRETERA DE LA CIUDAD UNIVERSITARIA KM.                                                            ;1;CAÍDA BICICLETA                         ;BICICLETA  
07/04/2017 0:00;DE 14:00 A 14:59;1;RETIRO                        ;PASEO DEL PRADO                                                                                   ;1;CAÍDA BICICLETA                         ;BICICLETA  
07/04/2017 0:00;DE 14:00 A 14:59;1;TETUAN                        ;CALLE DE BERRUGUETE                                                                               ;51;ATROPELLO                               ;BICICLETA  
07/04/2017 0:00;DE 21:00 A 21:59;1;TETUAN                        ;CALLE DE BRAVO MURILLO                                                                            ;137;CHOQUE CON OBJETO FIJO                  ;BICICLETA  
07/04/2017 0:00;DE 23:00 A 23:59;1;CHAMBERI                      ;CALLE DE FRANCISCO DE ROJAS - CALLE DE NICASIO GALLEGO                                              ;;CAÍDA BICICLETA                         ;BICICLETA  
08/04/2017 0:00;DE 12:00 A 12:59;2;USERA                         ;CAMINO DE PERALES                                                                                 ;20;ATROPELLO                               ;BICICLETA  
09/04/2017 0:00;DE 16:00 A 16:59;1;CARABANCHEL                   ;PARQUE DE MADRID RIO (RIBERA OESTE) KM.                                                             ;5800;CAÍDA BICICLETA                         ;BICICLETA  
09/04/2017 0:00;DE 19:00 A 19:59;1;RETIRO                        ;PARQUE DEL RETIRO                                                                                   ;;ATROPELLO                               ;BICICLETA  
10/04/2017 0:00;DE 17:00 A 17:59;2;MONCLOA-ARAVACA               ;PARQUE DE MADRID RIO (RIBERA ESTE) KM.                                                              ;1800;ATROPELLO                               ;BICICLETA  
10/04/2017 0:00;DE 20:00 A 20:59;1;CENTRO                        ;CALLE DE TORRECILLA DEL LEAL - CALLE DEL OLMO                                                       ;;COLISIÓN DOBLE                          ;BICICLETA  
10/04/2017 0:00;DE 22:00 A 22:59;1;SAN BLAS                      ;AVENIDA DE LUIS ARAGONÉS                                                                          ;4;ATROPELLO                               ;BICICLETA  
11/04/2017 0:00;DE 14:00 A 14:59;1;SAN BLAS                      ;CALLE DE CAMPEZO                                                                                  ;16;COLISIÓN DOBLE                          ;BICICLETA  
12/04/2017 0:00;DE 16:00 A 16:59;1;CENTRO                        ;CALLE DE HORTALEZA - CALLE DE MEJIA LEQUERICA                                                       ;;CAÍDA BICICLETA                         ;BICICLETA  
12/04/2017 0:00;DE 19:00 A 19:59;1;CHAMBERI                      ;CALLE DE LUCHANA - CALLE DE SANTA ENGRACIA                                                          ;;ATROPELLO                               ;BICICLETA  
12/04/2017 0:00;DE 20:00 A 20:59;1;CENTRO                        ;PASEO DE RECOLETOS                                                                                ;25;CAÍDA VIAJERO BUS                       ;BICICLETA  
13/04/2017 0:00;DE 6:00 A 6:59;1;TETUAN                        ;CALLE DE SINESIO DELGADO - CALLE DEL CAPITAN BLANCO ARGIBAY                                         ;;CAÍDA BICICLETA                         ;BICICLETA  
13/04/2017 0:00;DE 14:00 A 14:59;1;HORTALEZA                     ;CALLE DE JULIO CARO BAROJA - CAMINO DEL VALDEBEBAS                                                  ;;CAÍDA BICICLETA                         ;BICICLETA  
13/04/2017 0:00;DE 15:00 A 15:59;1;CHAMBERI                      ;CALLE DE ALMAGRO                                                                                  ;34;CAÍDA BICICLETA                         ;BICICLETA  
14/04/2017 0:00;DE 18:00 A 18:59;1;BARAJAS                       ;AVENIDA DE LOGROÑO - CALLE DE TINTIN Y MILU                                                         ;;COLISIÓN DOBLE                          ;BICICLETA  
15/04/2017 0:00;DE 5:00 A 5:59;1;CHAMBERI                      ;CALLE DE SANTA ENGRACIA                                                                           ;106;CAÍDA BICICLETA                         ;BICICLETA  
15/04/2017 0:00;DE 6:00 A 6:59;1;ARGANZUELA                    ;PASEO DE LAS DELICIAS - PLAZA DE LUCA DE TENA                                                       ;;COLISIÓN DOBLE                          ;BICICLETA  
15/04/2017 0:00;DE 11:00 A 11:59;2;HORTALEZA                     ;CARRIL  ANILLO VERDE CICLISTA KM.                                                                   ;7200;ATROPELLO                               ;BICICLETA  
15/04/2017 0:00;DE 14:00 A 14:59;1;CHAMBERI                      ;PLAZA DE ALONSO MARTINEZ                                                                          ;3;CAÍDA BICICLETA                         ;BICICLETA  
16/04/2017 0:00;DE 17:00 A 17:59;1;MONCLOA-ARAVACA               ;CALLE DE ANA TERESA - CALLE DE ANTONIO SANFIZ                                                       ;;COLISIÓN DOBLE                          ;BICICLETA  
17/04/2017 0:00;DE 16:00 A 16:59;1;CENTRO                        ;CALLE DEL PUENTE DE SEGOVIA                                                                         ;;CAÍDA BICICLETA                         ;BICICLETA  
20/04/2017 0:00;DE 23:00 A 23:59;1;CENTRO                        ;CALLE DEL OLIVAR                                                                                  ;31;CAÍDA BICICLETA                         ;BICICLETA  
21/04/2017 0:00;DE 16:00 A 16:59;1;CARABANCHEL                   ;AVENIDA DE LA PRINCESA JUANA DE AUSTRIA - AVENIDA DE LOS POBLADOS                                   ;;COLISIÓN DOBLE                          ;BICICLETA  
21/04/2017 0:00;DE 18:00 A 18:59;1;MORATALAZ                     ;CALLE DE JOSE BERGAMIN                                                                            ;30;CAÍDA BICICLETA                         ;BICICLETA  
22/04/2017 0:00;DE 14:00 A 14:59;1;CHAMARTIN                     ;CALLE DEL PRINCIPE DE VERGARA - PLAZA DE LA REPUBLICA DEL ECUADOR                                   ;;COLISIÓN DOBLE                          ;BICICLETA  
22/04/2017 0:00;DE 22:00 A 22:59;1;CENTRO                        ;PASEO DEL PRADO                                                                                   ;48;CAÍDA BICICLETA                         ;BICICLETA  
22/04/2017 0:00;DE 23:00 A 23:59;1;SALAMANCA                     ;CALLE DE DIEGO DE LEON - CALLE DE FRANCISCO SILVELA                                                 ;;COLISIÓN DOBLE                          ;BICICLETA  
23/04/2017 0:00;DE 9:00 A 9:59;1;VILLAVERDE                    ;CALLE DE LA COALICION - CALLE DE LA UNANIMIDAD                                                      ;;COLISIÓN DOBLE                          ;BICICLETA  
23/04/2017 0:00;DE 14:00 A 14:59;1;PUENTE DE VALLECAS            ;AVENIDA DE MIGUEL HERNANDEZ - CALLE DE RAFAEL FERNANDEZ HIJICOS                                     ;;CAÍDA BICICLETA                         ;BICICLETA  
23/04/2017 0:00;DE 16:00 A 16:59;1;FUENCARRAL-EL PARDO           ;CALLE DE GABRIELA MISTRAL - CALLE DEL ARROYO DEL MONTE                                              ;;COLISIÓN DOBLE                          ;BICICLETA  
24/04/2017 0:00;DE 12:00 A 12:59;1;BARAJAS                       ;PARQUE DE JUAN CARLOS I                                                                           ;1;CAÍDA BICICLETA                         ;BICICLETA  
24/04/2017 0:00;DE 16:00 A 16:59;1;SALAMANCA                     ;CALLE DE CLAUDIO COELLO - CALLE DE GOYA                                                             ;;COLISIÓN DOBLE                          ;BICICLETA  
25/04/2017 0:00;DE 14:00 A 14:59;1;MONCLOA-ARAVACA               ;PASEO DEL EMBARCADERO                                                                             ;6;COLISIÓN DOBLE                          ;BICICLETA  
26/04/2017 0:00;DE 20:00 A 20:59;1;SALAMANCA                     ;CALLE DEL ALCALDE SAINZ DE BARANDA                                                                ;92;COLISIÓN DOBLE                          ;BICICLETA  
27/04/2017 0:00;DE 14:00 A 14:59;1;CARABANCHEL                   ;CALLE DE LOS HERMANOS DEL MORAL - CALLE DEL GENERAL RICARDOS                                        ;;COLISIÓN DOBLE                          ;BICICLETA  
28/04/2017 0:00;DE 15:00 A 15:59;1;RETIRO                        ;CALLE DEL DOCTOR ESQUERDO                                                                         ;62;CAÍDA BICICLETA                         ;BICICLETA  
01/05/2017 0:00;DE 13:00 A 13:59;2;FUENCARRAL-EL PARDO           ;AVENIDA DEL MONASTERIO DE SILOS                                                                   ;14;COLISIÓN DOBLE                          ;BICICLETA  
01/05/2017 0:00;DE 16:00 A 16:59;1;RETIRO                        ;PLAZA DE LA LEALTAD                                                                               ;5;CAÍDA BICICLETA                         ;BICICLETA  
02/05/2017 0:00;DE 11:00 A 11:59;1;SAN BLAS                      ;CALLE DE ALCALA - CALLE DE VALENTIN BEATO                                                           ;;CAÍDA BICICLETA                         ;BICICLETA  
02/05/2017 0:00;DE 12:00 A 12:59;1;FUENCARRAL-EL PARDO           ;CALLE DE LABAJOS                                                                                  ;4;COLISIÓN DOBLE                          ;BICICLETA  
03/05/2017 0:00;DE 00:00 A 00:59;1;CENTRO                        ;CALLE DE SAN ANDRES - CALLE DEL ESPIRITU SANTO                                                      ;;CAÍDA BICICLETA                         ;BICICLETA  
03/05/2017 0:00;DE 15:00 A 15:59;1;CENTRO                        ;CALLE DE ALCALA - CALLE DEL MARQUES DE CASA RIERA                                                   ;;COLISIÓN DOBLE                          ;BICICLETA  
04/05/2017 0:00;DE 10:00 A 10:59;1;ARGANZUELA                    ;CALLE DE BERNARDINO OBREGON - CALLE DE PALOS DE LA FRONTERA                                         ;;COLISIÓN DOBLE                          ;BICICLETA  
04/05/2017 0:00;DE 16:00 A 16:59;1;FUENCARRAL-EL PARDO           ;AVENIDA DEL PALACIO - CARRETERA DE PARDO A FUENCARRAL                                               ;;COLISIÓN DOBLE                          ;BICICLETA  
04/05/2017 0:00;DE 17:00 A 17:59;1;CIUDAD LINEAL                 ;CALLE DE ARTURO SORIA                                                                             ;65;CAÍDA BICICLETA                         ;BICICLETA  
05/05/2017 0:00;DE 13:00 A 13:59;1;LATINA                        ;CALLE DE ILLESCAS - CALLE DE VALMOJADO                                                              ;;COLISIÓN DOBLE                          ;BICICLETA  
06/05/2017 0:00;DE 10:00 A 10:59;1;CHAMBERI                      ;CALLE DE JOSE ABASCAL                                                                             ;48;CAÍDA BICICLETA                         ;BICICLETA  
06/05/2017 0:00;DE 13:00 A 13:59;1;HORTALEZA                     ;CALLE DEL PINTOR LUCIO MUÑOZ                                                                      ;17;COLISIÓN DOBLE                          ;BICICLETA  
06/05/2017 0:00;DE 18:00 A 18:59;2;HORTALEZA                     ;AVENIDA DE LOS MADROÑOS                                                                           ;15;COLISIÓN DOBLE                          ;BICICLETA  
06/05/2017 0:00;DE 20:00 A 20:59;1;CENTRO                        ;CALLE  MAYOR                                                                                      ;84;CAÍDA BICICLETA                         ;BICICLETA  
07/05/2017 0:00;DE 9:00 A 9:59;2;FUENCARRAL-EL PARDO           ;AVENIDA DEL MONASTERIO DE SILOS - VIA  FERROCARRIL DE MIRASIERRA                                    ;;COLISIÓN DOBLE                          ;BICICLETA  
07/05/2017 0:00;DE 16:00 A 16:59;1;CENTRO                        ;CARRERA DE SAN JERONIMO                                                                           ;34;CAÍDA BICICLETA                         ;BICICLETA  
07/05/2017 0:00;DE 20:00 A 20:59;1;CENTRO                        ;CALLE DE LAS INFANTAS - CALLE DEL CLAVEL                                                            ;;COLISIÓN DOBLE                          ;BICICLETA  
07/05/2017 0:00;DE 21:00 A 21:59;1;MONCLOA-ARAVACA               ;PARQUE DE LA CASA DE CAMPO                                                                          ;;COLISIÓN DOBLE                          ;BICICLETA  
08/05/2017 0:00;DE 19:00 A 19:59;1;RETIRO                        ;AVENIDA DE LA CIUDAD DE BARCELONA - CALLE DE SECO                                                   ;;ATROPELLO                               ;BICICLETA  
08/05/2017 0:00;DE 19:00 A 19:59;1;CENTRO                        ;CALLE DE ARGUMOSA - RONDA DE ATOCHA                                                                 ;;COLISIÓN DOBLE                          ;BICICLETA  
08/05/2017 0:00;DE 20:00 A 20:59;1;SAN BLAS                      ;CALLE DE ALCALA - CALLE DE CRONOS                                                                   ;;COLISIÓN DOBLE                          ;BICICLETA  
08/05/2017 0:00;DE 20:00 A 20:59;1;CHAMARTIN                     ;CALLE DE LOPEZ DE HOYOS                                                                           ;141;ATROPELLO                               ;BICICLETA  
09/05/2017 0:00;DE 10:00 A 10:59;1;FUENCARRAL-EL PARDO           ;AVENIDA DE SANTO DOMINGO DE LA CALZADA - AVENIDA DEL CAMINO DE SANTIAGO                             ;;COLISIÓN DOBLE                          ;BICICLETA  
09/05/2017 0:00;DE 13:00 A 13:59;1;MONCLOA-ARAVACA               ;CALLE DE ANICETO MARINAS                                                                          ;16;CAÍDA BICICLETA                         ;BICICLETA  
09/05/2017 0:00;DE 21:00 A 21:59;1;SALAMANCA                     ;PASEO DE LA CASTELLANA                                                                            ;46;CAÍDA BICICLETA                         ;BICICLETA  
09/05/2017 0:00;DE 21:00 A 21:59;1;ARGANZUELA                    ;CALLE DE LA ANTRACITA                                                                             ;10;COLISIÓN DOBLE                          ;BICICLETA  
10/05/2017 0:00;DE 1:00 A 1:59;1;ARGANZUELA                    ;PASEO DE SANTA MARIA DE LA CABEZA                                                                 ;8;CAÍDA BICICLETA                         ;BICICLETA  
10/05/2017 0:00;DE 8:00 A 8:59;1;CENTRO                        ;CALLE DE ATOCHA                                                                                   ;107;COLISIÓN DOBLE                          ;BICICLETA  
10/05/2017 0:00;DE 12:00 A 12:59;1;ARGANZUELA                    ;PASEO DE SANTA MARIA DE LA CABEZA - PLAZA DEL EMPERADOR CARLOS V                                    ;;COLISIÓN DOBLE                          ;BICICLETA  
10/05/2017 0:00;DE 14:00 A 14:59;1;RETIRO                        ;CALLE DE ALFONSO XII                                                                              ;8;CAÍDA BICICLETA                         ;BICICLETA  
10/05/2017 0:00;DE 22:00 A 22:59;1;TETUAN                        ;CALLE DE ALONSO CANO - CALLE DE CRISTOBAL BORDIU                                                    ;;COLISIÓN DOBLE                          ;BICICLETA  
10/05/2017 0:00;DE 23:00 A 23:59;1;CHAMARTIN                     ;AVENIDA DE ALBERTO ALCOCER - CALLE DEL PADRE DAMIAN                                                 ;;COLISIÓN DOBLE                          ;BICICLETA  
11/05/2017 0:00;DE 2:00 A 2:59;1;TETUAN                        ;CALLE DEL MARQUES DE VIANA - PASEO DE LA DIRECCION                                                  ;;CAÍDA BICICLETA                         ;BICICLETA  
12/05/2017 0:00;DE 7:00 A 7:59;1;CARABANCHEL                   ;CALLE DEL GENERAL MARTIN CEREZO - CALLE DEL GENERAL RICARDOS                                        ;;COLISIÓN DOBLE                          ;BICICLETA  
12/05/2017 0:00;DE 10:00 A 10:59;1;SAN BLAS                      ;CALLE DE JULIAN CAMARILLO                                                                         ;46;COLISIÓN DOBLE                          ;BICICLETA  
12/05/2017 0:00;DE 12:00 A 12:59;1;LATINA                        ;AVENIDA DEL GENERAL FANJUL                                                                        ;63;CAÍDA BICICLETA                         ;BICICLETA  
12/05/2017 0:00;DE 14:00 A 14:59;1;CIUDAD LINEAL                 ;CALLE DE ALCALA - CALLE DEL DOCTOR VALLEJO                                                          ;;COLISIÓN DOBLE                          ;BICICLETA  
12/05/2017 0:00;DE 16:00 A 16:59;1;MONCLOA-ARAVACA               ;AVENIDA  COMPLUTENSE                                                                              ;12;CAÍDA BICICLETA                         ;BICICLETA  
13/05/2017 0:00;DE 21:00 A 21:59;1;RETIRO                        ;PARQUE DEL RETIRO                                                                                   ;;CAÍDA BICICLETA                         ;BICICLETA  
14/05/2017 0:00;DE 15:00 A 15:59;1;PUENTE DE VALLECAS            ;AVENIDA DE LA ALBUFERA                                                                            ;272;CAÍDA BICICLETA                         ;BICICLETA  
14/05/2017 0:00;DE 17:00 A 17:59;1;MONCLOA-ARAVACA               ;CARRETERA DEL ZARZON - PASEO DE LA VENTA                                                            ;;CAÍDA BICICLETA                         ;BICICLETA  
14/05/2017 0:00;DE 20:00 A 20:59;1;VILLA DE VALLECAS             ;CAMINO DEL POZO DEL TIO RAIMUNDO                                                                  ;1;CAÍDA BICICLETA                         ;BICICLETA  
17/05/2017 0:00;DE 16:00 A 16:59;1;CIUDAD LINEAL                 ;CALLE DE JOSEFA VALCARCEL                                                                         ;2;COLISIÓN DOBLE                          ;BICICLETA  
17/05/2017 0:00;DE 19:00 A 19:59;1;SAN BLAS                      ;CALLE DE ZAPARDIEL - CALLE DE ZUBIA                                                                 ;;CAÍDA BICICLETA                         ;BICICLETA  
18/05/2017 0:00;DE 17:00 A 17:59;1;RETIRO                        ;AVENIDA DE NAZARET                                                                                ;8;CAÍDA BICICLETA                         ;BICICLETA  
18/05/2017 0:00;DE 17:00 A 17:59;1;LATINA                        ;PARQUE DE LA CASA DE CAMPO                                                                          ;          ;CAÍDA BICICLETA                         ;BICICLETA  
19/05/2017 0:00;DE 9:00 A 9:59;1;SALAMANCA                     ;CALLE DEL MARQUES DE VILLAMAGNA                                                                   ;6;COLISIÓN DOBLE                          ;BICICLETA  
19/05/2017 0:00;DE 16:00 A 16:59;1;CENTRO                        ;CALLE DE ALCALA                                                                                   ;4;COLISIÓN DOBLE                          ;BICICLETA  
20/05/2017 0:00;DE 9:00 A 9:59;1;CENTRO                        ;CALLE DE SEGOVIA                                                                                  ;18;COLISIÓN DOBLE                          ;BICICLETA  
21/05/2017 0:00;DE 19:00 A 19:59;1;CENTRO                        ;CALLE DE SAN MATEO                                                                                ;8;CAÍDA BICICLETA                         ;BICICLETA  
23/05/2017 0:00;DE 10:00 A 10:59;1;RETIRO                        ;CALLE DE ALCALA                                                                                   ;52;CAÍDA BICICLETA                         ;BICICLETA  
24/05/2017 0:00;DE 9:00 A 9:59;1;CENTRO                        ;CALLE DE LA PRINCESA                                                                              ;2;COLISIÓN DOBLE                          ;BICICLETA  
24/05/2017 0:00;DE 19:00 A 19:59;1;CENTRO                        ;CALLE DE FUENCARRAL - PLAZUELA DE ANTONIO VEGA                                                      ;          ;COLISIÓN DOBLE                          ;BICICLETA  
24/05/2017 0:00;DE 20:00 A 20:59;1;HORTALEZA                     ;CALLE DE LOS PADRES DOMINICOS - CALLE DE MANUEL POMBO ANGULO                                        ;;COLISIÓN DOBLE                          ;BICICLETA  
25/05/2017 0:00;DE 8:00 A 8:59;1;CHAMARTIN                     ;AVENIDA DE ALFONSO XIII                                                                           ;51;COLISIÓN DOBLE                          ;BICICLETA  
25/05/2017 0:00;DE 9:00 A 9:59;1;MONCLOA-ARAVACA               ;PASEO DE LOS PLATANOS                                                                               ;;CAÍDA BICICLETA                         ;BICICLETA  
25/05/2017 0:00;DE 12:00 A 12:59;1;CENTRO                        ;PLAZA DE CIBELES                                                                                  ;2;CAÍDA BICICLETA                         ;BICICLETA  
25/05/2017 0:00;DE 17:00 A 17:59;1;CENTRO                        ;CALLE DE LAVAPIES                                                                                 ;47;CAÍDA BICICLETA                         ;BICICLETA  
25/05/2017 0:00;DE 19:00 A 19:59;1;RETIRO                        ;CALLE DE O'DONNELL                                                                                ;26;CAÍDA BICICLETA                         ;BICICLETA  
25/05/2017 0:00;DE 23:00 A 23:59;1;CENTRO                        ;CALLE  GRAN VIA                                                                                   ;19;CAÍDA BICICLETA                         ;BICICLETA  
26/05/2017 0:00;DE 14:00 A 14:59;2;CHAMBERI                      ;CALLE DE ALONSO CANO - CALLE DE ESPRONCEDA                                                          ;;COLISIÓN MÚLTIPLE                       ;BICICLETA  
27/05/2017 0:00;DE 13:00 A 13:59;1;PUENTE DE VALLECAS            ;AVENIDA DE LA ALBUFERA - AVENIDA DE MIGUEL HERNANDEZ                                                ;;CAÍDA BICICLETA                         ;BICICLETA  
27/05/2017 0:00;DE 14:00 A 14:59;1;FUENCARRAL-EL PARDO           ;AVENIDA DE MONFORTE DE LEMOS                                                                      ;2;COLISIÓN DOBLE                          ;BICICLETA  
28/05/2017 0:00;DE 00:00 A 00:59;1;MONCLOA-ARAVACA               ;CALLE DE CADARSO - CUESTA DE SAN VICENTE                                                            ;;COLISIÓN DOBLE                          ;BICICLETA  
28/05/2017 0:00;DE 14:00 A 14:59;1;SALAMANCA                     ;CALLE DE JUAN BRAVO                                                                               ;20;COLISIÓN DOBLE                          ;BICICLETA  
29/05/2017 0:00;DE 6:00 A 6:59;1;SAN BLAS                      ;CALLE DE ALBASANZ - CALLE DE ALFONSO GOMEZ                                                          ;;CAÍDA BICICLETA                         ;BICICLETA  
29/05/2017 0:00;DE 7:00 A 7:59;1;PUENTE DE VALLECAS            ;CALLE DE CARLOS SOLE - CALLE DE JOSE PAULETE                                                        ;;COLISIÓN DOBLE                          ;BICICLETA  
29/05/2017 0:00;DE 10:00 A 10:59;1;SALAMANCA                     ;PASEO DE LA CASTELLANA                                                                            ;42;COLISIÓN DOBLE                          ;BICICLETA  
29/05/2017 0:00;DE 11:00 A 11:59;1;CHAMARTIN                     ;CALLE DE JOAQUIN COSTA - PASEO DE LA CASTELLANA                                                     ;;CAÍDA BICICLETA                         ;BICICLETA  
29/05/2017 0:00;DE 13:00 A 13:59;1;CIUDAD LINEAL                 ;AVENIDA DEL MARQUES DE CORBERA                                                                    ;14;ATROPELLO                               ;BICICLETA  
29/05/2017 0:00;DE 16:00 A 16:59;1;CENTRO                        ;CALLE DE SOMBRERETE - CALLE DEL MESON DE PAREDES                                                    ;;COLISIÓN DOBLE                          ;BICICLETA  
29/05/2017 0:00;DE 19:00 A 19:59;1;CHAMARTIN                     ;CALLE DE MAURICIO LEGENDRE                                                                        ;17;CAÍDA BICICLETA                         ;BICICLETA  
29/05/2017 0:00;DE 19:00 A 19:59;1;PUENTE DE VALLECAS            ;CALLE DE ANTONIO MAIRENA                                                                          ;4;COLISIÓN DOBLE                          ;BICICLETA  
30/05/2017 0:00;DE 10:00 A 10:59;1;RETIRO                        ;PARQUE DEL RETIRO                                                                                   ;;CAÍDA BICICLETA                         ;BICICLETA  
30/05/2017 0:00;DE 12:00 A 12:59;1;MONCLOA-ARAVACA               ;AVENIDA DE PABLO IGLESIAS - CALLE DE JUAN MONTALVO                                                  ;;CAÍDA BICICLETA                         ;BICICLETA  
30/05/2017 0:00;DE 20:00 A 20:59;1;MONCLOA-ARAVACA               ;CARRETERA DEL PARQUE DE ATRACCIONES                                                               ;1;CAÍDA BICICLETA                         ;BICICLETA  
31/05/2017 0:00;DE 17:00 A 17:59;1;CARABANCHEL                   ;CALLE DEL GENERAL RICARDOS                                                                        ;49;COLISIÓN DOBLE                          ;BICICLETA  
31/05/2017 0:00;DE 17:00 A 17:59;1;SAN BLAS                      ;CALLE DE AMPOSTA - CALLE DE POBLADURA DEL VALLE                                                     ;;COLISIÓN DOBLE                          ;BICICLETA  
31/05/2017 0:00;DE 20:00 A 20:59;2;CENTRO                        ;CALLE DE SOMBRERETE - CALLE DEL MESON DE PAREDES                                                    ;;COLISIÓN DOBLE                          ;BICICLETA  
